매출처명(원장기준),매출처명(영업기준),Channel1_1,Channel1_2
코리아세븐_세븐일레븐,코리아세븐_세븐일레븐,KA,CVS
신세계푸드,신세계푸드,B2B,B2B
엠즈FS,엠즈FS,B2B,B2B
이랜드이츠_애슐리,이랜드이츠_애슐리,B2B,B2B
이마트24,이마트24,KA,CVS
GS리테일,GS리테일,KA,CVS
엠즈FS_컴포즈커피,엠즈FS,B2B,B2B
엠즈FS_E_카카오톡,엠즈FS,온라인,온라인
코스트코코리아_코스트코,코스트코코리아_코스트코,B2B,B2B
엠즈FS_E_쿠팡,엠즈FS,온라인,온라인
홈플러스홀딩스_홈플러스,홈플러스홀딩스_홈플러스,KA,Hyper
엠즈FS_커피명가,엠즈FS,B2B,B2B
맥스원이링크_셀렉토커피,맥스원이링크_셀렉토커피,B2B,B2B
본만제,본만제,B2B,B2B
엠즈FS_드롭탑,엠즈FS,B2B,B2B
CJ프레시웨이,CJ프레시웨이,B2B,B2B
엠즈FS_O2O,엠즈FS,B2B,B2B
엠즈FS_달리는커피,엠즈FS,B2B,B2B
엠즈FS_모리셔스브라운,엠즈FS,B2B,B2B
엠즈FS_우지커피,엠즈FS,B2B,B2B
CJ프레시웨이_유비쿼스점,CJ프레시웨이_유비쿼스점,B2B,B2B
CJ프레시웨이_크래프톤 서초카페점,CJ프레시웨이_크래프톤 서초카페점,B2B,B2B
엠즈FS_꿀스커피,엠즈FS,B2B,B2B
엠즈FS_밀탑,엠즈FS,B2B,B2B
엠즈FS_카페보니또,엠즈FS,B2B,B2B
엠즈FS_커핀그루나루,엠즈FS,B2B,B2B
엠즈FS_빈스앤베리즈,엠즈FS,B2B,B2B
엠즈FS_커피니,엠즈FS,B2B,B2B
엠즈FS_E_네이버스토어팜,엠즈FS,B2B,B2B
엠즈FS_텀브커피,엠즈FS,B2B,B2B
엠즈FS_베브릿지,엠즈FS,B2B,B2B
엠즈FS_루소랩,엠즈FS,B2B,B2B
엠즈FS_홍미당,엠즈FS,B2B,B2B
엠즈FS_E_11번가,엠즈FS,온라인,온라인
엠즈FS_E_위메프,엠즈FS,온라인,온라인
이디야커피,이디야커피,B2B,B2B
도레도레,도레도레,B2B,B2B
푸드머스,푸드머스,B2B,B2B
진심코리아_더치앤빈,진심코리아_더치앤빈,B2B,B2B
상하농원,상하농원,B2B,B2B
CJ프레시웨이_크래프톤 역삼카페점,CJ프레시웨이_크래프톤 역삼카페점,B2B,B2B
엠즈FS_E_B마트,엠즈FS,온라인,온라인
CJ프레시웨이_크래프톤 판교점,CJ프레시웨이_크래프톤 판교점,B2B,B2B
엠즈베이커스_실수요(카드),엠즈베이커스_실수요(카드),B2B,B2B
엠즈FS_카페이모야,엠즈FS,B2B,B2B
할리스커피,할리스커피,B2B,B2B
엠즈FS_카페65도씨,엠즈FS,B2B,B2B
엠즈FS_아이티F&B,엠즈FS,B2B,B2B
상하농원_폴바셋,상하농원_폴바셋,B2B,B2B
엠즈씨드_폴바셋,엠즈씨드_폴바셋,B2B,B2B
푸드누리_카페베네,푸드누리_카페베네,B2B,B2B
CJ프레시웨이_모닝해즈보나점,CJ프레시웨이_모닝해즈보나점,B2B,B2B
CJ프레시웨이_이엔엠센터,CJ프레시웨이_이엔엠센터,B2B,B2B
베이크인더스트리_도레도레,베이크인더스트리_도레도레,B2B,B2B
이마트_트레이더스,이마트_트레이더스,KA,Wholesale
엠즈FS_E_카카오,엠즈FS,온라인,온라인
엠즈FS_스토랑트,엠즈FS,B2B,B2B
청오디피케이_도미노피자,청오디피케이_도미노피자,B2B,B2B
엠즈FS_달커스피디,엠즈FS,B2B,B2B
엠즈FS_프라빈,엠즈FS,B2B,B2B
엠즈FS_커피101스트릿,엠즈FS,B2B,B2B
엠즈FS_E_SSG.com,엠즈FS,온라인,온라인
BGF리테일(CU),BGF리테일(CU),KA,CVS
B마트(우아한형제들),B마트(우아한형제들),온라인,온라인
쿠팡 주식회사,쿠팡 주식회사,온라인,온라인
엠즈FS_브리오슈도레,엠즈FS,B2B,B2B
엠즈FS_커피나무,엠즈FS,B2B,B2B
매일유업,매일유업,B2B,B2B
주식회사 하림,주식회사 하림,B2B,B2B
주식회사 카카오,주식회사 카카오,온라인,온라인
주식회사 SSG.COM,주식회사 SSG.COM,온라인,온라인
엠즈FS_곤트란쉐리에,엠즈FS,B2B,B2B
롯데슈퍼,롯데슈퍼,KA,SSM
(주)엠에스제이,(주)엠에스제이,B2B,B2B
엠즈FS_오더히어로,엠즈FS,온라인,온라인
엠즈FS_사회복지법인진암사회복지재단,엠즈FS,B2B,B2B
매일유업_영동공장,매일유업_영동공장,B2B,B2B
엠즈베이커스_실수요(계좌),엠즈베이커스_실수요(계좌),B2B,B2B
엠즈FS_프랑제리,엠즈FS,B2B,B2B
매일유업_네이버스토어팜,매일유업_네이버스토어팜,온라인,온라인
(주)헬로네이처,(주)헬로네이처,온라인,온라인
엠즈FS_더착한커피,엠즈FS,B2B,B2B
엠즈FS_킁킁커피,엠즈FS,B2B,B2B
CJ프레시웨이_카카오엔터카페점,CJ프레시웨이_카카오엔터카페점,B2B,B2B
주식회사 맘쿠킹,주식회사 맘쿠킹,B2B,B2B
베이비푸드(카멕스코리아),베이비푸드(카멕스코리아),B2B,B2B
엠즈FS_데코르커피,엠즈FS,B2B,B2B
스테이지파이브카페점,스테이지파이브카페점,B2B,B2B
엠즈FS_일리카페,엠즈FS,B2B,B2B
CJ프레시웨이_스테이지파이브카페점,CJ프레시웨이_스테이지파이브카페점,B2B,B2B
GS_와인25플러스,GS_와인25플러스,온라인,온라인
엠즈FS_랑데자뷰,엠즈FS,B2B,B2B
에스피씨 지에프에스(만랩커피),에스피씨 지에프에스(만랩커피),B2B,B2B
엠즈FS_쿠크봉,엠즈FS,B2B,B2B
미니스톱,미니스톱,KA,CVS
참살이(푸드존),참살이(푸드존),B2B,B2B
GS_달리살다,달리살다,온라인,온라인
매일홀딩스,매일홀딩스,B2B,B2B
비에이치로직,비에이치로직,B2B,B2B
밀도,밀도,B2B,B2B
매일헬스뉴트리션,매일헬스뉴트리션,B2B,B2B
롤링핀컴퍼니,매일헬스뉴트리션,B2B,B2B
올블루_ALLBLUE,올블루_ALLBLUE(수출),B2B,수출
치즈앤푸드,치즈앤푸드,B2B,B2B
엠즈FS_베이커리로컬,엠즈FS,B2B,B2B
SCK_스타벅스,SCK_스타벅스,B2B,B2B
엠즈FS_라떼킹,엠즈FS,B2B,B2B
태웅로직스,태웅로직스,B2B,B2B
마켓컬리,마켓컬리,온라인,온라인
제로투세븐,제로투세븐,B2B,B2B
위허들링,위허들링,B2B,B2B
엠즈FS_동네커피,엠즈FS,B2B,B2B
진암사회복지재단,진암사회복지재단,B2B,B2B
GS리테일_슈퍼,GS리테일_슈퍼,KA,SSM
엠즈FS_시나본,엠즈FS,B2B,B2B
호남FS특수지점,매일유업_호남FS특수지점,B2B,B2B
씨제이프레시웨이 주식회사(통합),씨제이프레시웨이 주식회사(통합),B2B,B2B
엠즈FS_브라운래빗,엠즈FS,B2B,B2B
엠즈FS_컴포즈커피(더젬),엠즈FS,B2B,B2B
엠즈FS_커피니(수도권),엠즈FS,B2B,B2B
엠즈FS_컴포즈커피(JMCP),엠즈FS,B2B,B2B
엠즈FS_커피니(지방권),엠즈FS,B2B,B2B
더슬로우메이드,더슬로우메이드,B2B,B2B
엠즈FS_배배꼬_본사LAB,엠즈FS,B2B,B2B
홈플러스_익스프레스,홈플러스_익스프레스,KA,SSM
맥널티커피 팩토리,맥널티커피 팩토리,B2B,B2B
엠즈FS_비엔나커피하우스,엠즈FS,B2B,B2B
비젼유통,비젼유통,B2B,B2B
CJ프레시웨이_크래프톤 종각점,CJ프레시웨이_크래프톤 종각점,B2B,B2B
엠즈FS_집생로커피,엠즈FS,B2B,B2B
씨제이프레시웨이(급식),CJ프레시웨이_급식,B2B,B2B
렛츠커넥트(수다),렛츠커넥트(수다),B2B,B2B
엠즈FS_유캔두잇,엠즈FS,B2B,B2B
비앤씨인터내셔널_메가커피,비앤씨인터내셔널_메가커피,B2B,B2B
엠즈FS_스택빈,엠즈FS,B2B,B2B
엠즈FS_하이오커피,엠즈FS,B2B,B2B
엠즈FS_후식_탑브레드,엠즈FS,B2B,B2B
고려대학교빵_고대빵,고려대학교빵_고대빵,B2B,B2B
엠즈FS_퍼스트커피랩,엠즈FS,B2B,B2B
매일유업_진주대리점,매일유업_진주대리점,B2B,B2B
이마트_에브리데이,이마트_에브리데이,KA,SSM
엠즈FS_빙수당,엠즈FS,B2B,B2B
엠즈FS_파이브센소,엠즈FS,B2B,B2B
엠즈FS_쳐비폭스,엠즈FS,B2B,B2B
에그로커피,에그로커피,B2B,B2B
엠즈베이커스_네이버스토어팜,엠즈베이커스_네이버스토어팜,온라인,온라인
페이퍼플랜,페이퍼플랜,B2B,B2B
현대그린푸드,현대그린푸드,B2B,B2B
매일유업_네이버스토어팜(TF),매일유업_네이버스토어팜(TF),온라인,온라인
CJ프레시웨이_카카오엔터_종각점,CJ프레시웨이_카카오엔터_종각점,B2B,B2B
엠즈FS_에그홀릭,엠즈FS,B2B,B2B
엠즈FS_샌딜리버블,엠즈FS,B2B,B2B
핀브레드,엠즈FS,B2B,B2B
푸드스타,푸드스타,B2B,B2B
밀도_스타필드 고양점,밀도_스타필드 고양점,B2B,B2B
엠즈FS_더베이크,엠즈FS,B2B,B2B
달리는커피,달리는커피,B2B,B2B
주식회사_카카오 쇼핑,주식회사_카카오 쇼핑,온라인,온라인
바른에프엔비,바른에프엔비,B2B,B2B
푸디스트,푸디스트,B2B,B2B
엠즈FS_O2O_림,엠즈FS,B2B,B2B
엠즈FS_청담시스템,엠즈FS,B2B,B2B
밀도_양재점,밀도_양재점,B2B,B2B
밀도_씨케이,밀도_씨케이,B2B,B2B
영신코리아,영신코리아,B2B,B2B
카카오메이커스,카카오메이커스,온라인,온라인
엠즈FS_오와케이크,엠즈FS_오와케이크,B2B,B2B
엠즈FS_씨이십칠,엠즈FS_씨이십칠,B2B,B2B
브레드세븐_광주,브레드세븐_광주,B2B,B2B
윙잇,윙잇,온라인,온라인
엠즈FS_일뽀르노,엠즈FS_일뽀르노,B2B,B2B
코업_푸드레인,코업_푸드레인,온라인,온라인
델디아,델디아,B2B,B2B
비케이알_팀홀튼,델디아,B2B,B2B
오렌지푸드_영동공장사내,델디아,B2B,B2B
현대그린푸드_영남,현대그린푸드_영남,B2B,B2B
에이블리 코퍼레이션,에이블리 코퍼레이션,온라인,온라인
엠즈FS_꽈페,엠즈FS_꽈페,B2B,B2B
엠즈FS_서울바나나,엠즈FS_서울바나나,B2B,B2B
대진종합물류,대진종합물류,B2B,B2B
엠즈FS_O2O_그레닉스,엠즈FS_O2O_그레닉스,B2B,B2B
애터미_아자몰,애터미_아자몰,온라인,온라인
엠즈FS_매스커피,엠즈FS_매스커피,B2B,B2B
밀도_광교엘리웨이,밀도_광교엘리웨이,B2B,B2B
엠즈FS_클로리스,엠즈FS_클로리스,B2B,B2B
엠즈FS_소마본사,엠즈FS_소마본사,B2B,B2B
성진에프에스,성진에프에스,B2B,B2B
엠즈FS_페이브베이커리,엠즈FS_페이브베이커리,B2B,B2B
메가커피_앤하우스,메가커피_앤하우스,B2B,B2B
벨리푸드,벨리푸드,B2B,B2B
매머드커피랩,매머드커피랩,B2B,B2B
매일유업_이마트,매일유업_이마트,KA,Hyper
CK하우스,CK하우스,B2B,B2B
지엘에스코리아,지엘에스코리아,B2B,B2B
트랜스올,트랜스올,B2B,B2B
엠즈FS_프랭크커핀바,엠즈FS_프랭크커핀바,B2B,B2B
풀무원 푸드앤컬처,풀무원 푸드앤컬처,B2B,B2B
"풀무원_해군 1,2건선식당","풀무원_해군 1,2건선식당",B2B,B2B
풀무원_해군 3건선식당,풀무원_해군 3건선식당,B2B,B2B
풀무원_공군 와룡식당,풀무원_공군 와룡식당,B2B,B2B
풀무원_공군 웅비식당,풀무원_공군 웅비식당,B2B,B2B
풀무원_SNT 민수식당,풀무원_SNT 민수식당,B2B,B2B
풀무원_SNT 방산식당,풀무원_SNT 방산식당,B2B,B2B
풀무원_해군의 집,풀무원_해군의 집,B2B,B2B
엠즈FS_에브리커피,엠즈FS_에브리커피,B2B,B2B
엠즈FS_키커피,엠즈FS_키커피,B2B,B2B
엠즈FS_베브릿지본사,엠즈FS_베브릿지본사,B2B,B2B
풀무원_육군 부사관학교 양성식당,풀무원_육군 부사관학교 양성식당,B2B,B2B
엠즈FS_빵쌤 마곡점(1층),엠즈FS_빵쌤 마곡점(1층),B2B,B2B
엠즈FS_영커피,엠즈FS_영커피,B2B,B2B
케익모아,케익모아,B2B,B2B
이즈_대새목장,이즈_대새목장,B2B,B2B
엠즈FS_상하농원빵공방,엠즈FS,B2B,B2B
아워홈_성림상사,아워홈_성림상사,B2B,B2B
엠즈FS_포트캔커피,엠즈FS_포트캔커피,B2B,B2B
엠즈FS_차차커피코,엠즈FS_차차커피코,B2B,B2B
카페베네,카페베네,B2B,B2B
매일유업_하이퍼,매일유업_하이퍼,KA,Hyper
SPC_사내식당_매일유업평택,SPC_사내식당_매일유업평택,B2B,B2B
메가MGC커피,메가MGC커피,B2B,B2B
씨케이하우스,씨케이하우스,B2B,B2B
노티드_지에프에프지,노티드_지에프에프지,B2B,B2B
클로버게임즈 주식회사,클로버게임즈 주식회사,B2B,B2B
엠즈FS_쿼드커피,엠즈FS_쿼드커피,B2B,B2B
엠즈FS_텐퍼센트,엠즈FS_텐퍼센트,B2B,B2B
매일유업 대리점_카페상하목장,매일유업 대리점_카페상하목장,B2B,B2B
[데르뜨]삼성웰스토리,[데르뜨]삼성웰스토리,B2B,B2B
서울드래곤 시티 _서부티앤디,서울드래곤 시티 _서부티앤디,B2B,B2B
매일유업 대리점_푸드앵커,매일유업 대리점_푸드앵커,B2B,B2B
엠즈FS_파운데이,엠즈FS_파운데이,B2B,B2B
엠즈FS_더베이커리랩,엠즈FS_더베이커리랩,B2B,B2B
엠즈FS_사실빙,엠즈FS_사실빙,B2B,B2B
엠즈FS_헤이키커피,엠즈FS_헤이키커피,B2B,B2B
한국농수산식품유통공사,한국농수산식품유통공사,B2B,B2B
엠즈프리앙주식회사,엠즈프리앙주식회사,B2B,B2B
아워홈_직거래,아워홈_직거래,B2B,B2B
홈플러스_몽블랑제,홈플러스_몽블랑제,B2B,B2B
엠즈FS_하이테이블,엠즈FS_하이테이블,B2B,B2B
더슬로우메이드 플러스,더슬로우메이드 플러스,B2B,B2B
현대이지웰,현대이지웰,온라인,온라인
엠즈FS_폼드팡,엠즈FS_폼드팡,B2B,B2B
텐퍼센트커피,텐퍼센트커피,B2B,B2B
토스쇼핑,토스쇼핑,온라인,온라인
엠즈FS_카페그랑주,엠즈FS_카페그랑주,B2B,B2B
엠즈FS_더리터 직영종로점,엠즈FS_더리터 직영종로점,B2B,B2B
매일유업대리점_선우유통,매일유업대리점_선우유통,B2B,B2B
엠즈FS_오늘고plus_선이랑,엠즈FS_오늘고plus_선이랑,B2B,B2B
엠즈FS_오늘고plus_이수커피,엠즈FS_오늘고plus_이수커피,B2B,B2B
핀컴퍼니,핀컴퍼니,B2B,B2B
비알코리아,비알코리아,B2B,B2B
삼우컴퍼니 주식회사,삼우컴퍼니 주식회사,B2B,B2B
에브라임이노베이션_카페게이트,에브라임이노베이션_카페게이트,B2B,B2B
더벤티커피,더벤티커피,B2B,B2B
이랜드_킴스클럽,이랜드_킴스클럽,B2B,B2B
엠즈FS_도레도레,엠즈FS_도레도레,B2B,B2B
엠즈FS_오늘고_청년피자 장성상무대점,엠즈FS,B2B,B2B
엠즈FS_엑스엑스커피_가든파이브,엠즈FS,B2B,B2B
매일유업_수출,매일유업_수출,B2B,수출
GS리테일_수출,GS리테일_수출,B2B,수출
코스트코코리아_코스트코_B2C,코스트코코리아_코스트코_B2C,B2B,Wholesale
엠즈프리앙_닷푸드코리아,엠즈프리앙_닷푸드코리아,B2B,B2B
징코푸드시스템,징코푸드시스템,B2B,B2B
조달청_MAS,조달청_MAS,B2B,B2B
엠즈FS_디디알,엠즈FS_디디알,B2B,B2B
파란세상,파란세상,온라인,온라인
롯데카드몰,롯데카드몰,온라인,온라인
삼구FS_평택공장,삼구FS_평택공장,B2B,B2B
알파문구 진해석동점,알파문구 진해석동점,B2B,B2B
잇츠유어프라임타임,잇츠유어프라임타임,온라인,온라인
르빵,르빵,B2B,B2B
쿠팡_WING,쿠팡_WING,온라인,온라인
엠즈FS_카페꼼마,엠즈FS_카페꼼마,B2B,B2B
르제 팩토리,르제 팩토리,B2B,B2B
트라이콤바이오,트라이콤바이오,B2B,B2B
주식회사 두어스_지비지오,주식회사 두어스_지비지오,온라인,온라인
엠즈FS_브레덴코 내방점,엠즈FS_브레덴코 내방점,B2B,B2B
롯데지알에스 주식회사,롯데지알에스 주식회사,B2B,B2B
(주)대상다이브스,(주)대상다이브스,온라인,온라인
카카오프렌즈,카카오프렌즈,온라인,온라인
이제너두㈜,이제너두㈜,온라인,온라인
로컬라이프,로컬라이프,B2B,B2B
빵쌤에프앤비,빵쌤에프앤비,B2B,B2B
엠즈FS_하이오커피_제떼,엠즈FS_하이오커피_제떼,B2B,B2B
하이팅_푸드트럭,하이팅_푸드트럭,온라인,온라인
매일유업_특수사업부,매일유업_특수사업부,B2B,B2B
롯데쇼핑,롯데쇼핑,KA,Hyper
와이즐리컴퍼니,와이즐리컴퍼니,온라인,온라인
(주)지애스리테일 홈쇼핑,㈜지에스리테일 홈쇼핑,온라인,온라인
이랜드_팜앤푸드,이랜드_팜앤푸드,B2B,B2B
이앤엘푸드,이앤엘푸드,B2B,B2B
씨제이프레시웨이(특판),씨제이프레시웨이(특판),B2B,B2B
