기준일,브랜드,매장명,폐기유형,폐기사유,중분류명,품목코드,품목명,폐기수량,단가,폐기금액
2026-09-01,밀도,밀도 성수점,폐기,유통기한초과(폐기),간식빵,100625,큐브시나몬,1,3800,3800
2026-09-02,밀도,밀도 성수점,폐기,유통기한초과(폐기),간식빵,100625,큐브시나몬,7,3800,26600
2026-09-01,밀도,밀도 성수점,폐기,유통기한초과(폐기),간식빵,101327,큐브소보로,4,3800,15200
2026-09-02,밀도,밀도 성수점,폐기,유통기한초과(폐기),간식빵,101327,큐브소보로,3,3800,11400
2026-09-02,밀도,밀도 성수점,폐기,유통기한초과(폐기),간식빵,101858,밀도단팥빵,4,3800,15200
2026-09-01,밀도,밀도 성수점,폐기,유통기한초과(폐기),간식빵,103704,크림치즈포테이토,1,4200,4200
2026-09-01,밀도,밀도 성수점,폐기,유통기한초과(폐기),간식빵,103766,누텔라로쉐큐브식빵,2,5200,10400
2026-09-02,밀도,밀도 성수점,폐기,유통기한초과(폐기),간식빵,103766,누텔라로쉐큐브식빵,5,5200,26000
2026-09-01,밀도,밀도 성수점,폐기,유통기한초과(폐기),시그니처샌드,102272,땅콩크림샌드,4,5800,23200
2026-09-02,밀도,밀도 성수점,폐기,유통기한초과(폐기),시그니처샌드,102272,땅콩크림샌드,1,5800,5800
2026-09-01,밀도,밀도 성수점,폐기,유통기한초과(폐기),샌드위치,103027,블루베리잼 잠봉뵈르,1,8900,8900
2026-09-03,밀도,밀도 성수점,폐기,유통기한초과(폐기),식빵,102966,달밤식빵,1,8900,8900
2026-09-03,밀도,밀도 성수점,폐기,유통기한초과(폐기),미니식빵,103663,밤완두바브카,1,7200,7200
2026-09-03,밀도,밀도 성수점,폐기,유통기한초과(폐기),미니식빵,103764,누텔라바브카,3,7800,23400
2026-09-03,밀도,밀도 성수점,폐기,유통기한초과(폐기),스콘,102977,리코타사워크림스콘,5,4200,21000
2026-09-01,밀도,밀도 성수점,폐기,유통기한초과(폐기),소금빵,102778,앙버터소금빵,4,4800,19200
2026-09-03,밀도,밀도 성수점,폐기,유통기한초과(폐기),소금빵,102778,앙버터소금빵,2,4800,9600
2026-09-03,밀도,밀도 성수점,폐기,유통기한초과(폐기),소금빵,102844,the부드러운소금빵,1,3600,3600
2026-09-02,밀도,밀도 한티점,폐기,유통기한초과(폐기),간식빵,103704,크림치즈포테이토,6,4200,25200
2026-09-03,밀도,밀도 한티점,폐기,유통기한초과(폐기),간식빵,103704,크림치즈포테이토,3,4200,12600
2026-09-03,밀도,밀도 한티점,폐기,유통기한초과(폐기),간식빵,103882,저당 쫀득 단팥빵,1,4200,4200
2026-09-02,밀도,밀도 한티점,폐기,유통기한초과(폐기),샌드위치,103807,잠봉에멘탈크로와상샌드위치,1,7900,7900
2026-09-02,밀도,밀도 한티점,폐기,유통기한초과(폐기),식빵,102684,튼튼고양식빵,1,6900,6900
2026-09-02,밀도,밀도 한티점,폐기,유통기한초과(폐기),식빵,102966,달밤식빵,1,8900,8900
2026-09-02,밀도,밀도 한티점,폐기,유통기한초과(폐기),식빵,103814,얼룩 고양 식빵,1,7500,7500
2026-09-02,밀도,밀도 한티점,폐기,유통기한초과(폐기),미니식빵,103663,밤완두바브카,1,7200,7200
2026-09-03,밀도,밀도 한티점,폐기,유통기한초과(폐기),미니식빵,103764,누텔라바브카,1,7800,7800
2026-09-03,밀도,밀도 한티점,폐기,유통기한초과(폐기),미니식빵,103824,리치 모카빵,1,6900,6900
2026-09-02,밀도,밀도 한티점,폐기,유통기한초과(폐기),모닝롤,103773,모닝롤(6ea),1,5200,5200
2026-09-02,밀도,밀도 옥수점,폐기,유통기한초과(폐기),간식빵,101451,허니러스크,1,5200,5200
2026-09-01,밀도,밀도 옥수점,폐기,유통기한초과(폐기),간식빵,101858,밀도단팥빵,3,3800,11400
2026-09-02,밀도,밀도 옥수점,폐기,유통기한초과(폐기),식빵,102684,튼튼고양식빵,1,6900,6900
2026-09-01,밀도,밀도 옥수점,폐기,유통기한초과(폐기),식빵,102966,달밤식빵,1,8900,8900
2026-09-03,밀도,밀도 옥수점,폐기,유통기한초과(폐기),스콘,101119,레몬스콘,1,3800,3800
2026-09-02,밀도,밀도 옥수점,폐기,유통기한초과(폐기),스콘,102977,리코타사워크림스콘,2,4200,8400
2026-09-03,밀도,밀도 옥수점,폐기,유통기한초과(폐기),스콘,102977,리코타사워크림스콘,1,4200,4200
2026-09-01,밀도,밀도 옥수점,폐기,유통기한초과(폐기),소금빵,102844,the부드러운소금빵,1,3600,3600
2026-09-02,밀도,밀도 광장점,폐기,유통기한초과(폐기),간식빵,101327,큐브소보로,1,3800,3800
2026-09-02,밀도,밀도 광장점,폐기,유통기한초과(폐기),간식빵,101858,밀도단팥빵,4,3800,15200
2026-09-02,밀도,밀도 광장점,폐기,유통기한초과(폐기),간식빵,103882,저당 쫀득 단팥빵,3,4200,12600
2026-09-03,밀도,밀도 광장점,폐기,유통기한초과(폐기),간식빵,103882,저당 쫀득 단팥빵,1,4200,4200
2026-09-01,밀도,밀도 광장점,폐기,유통기한초과(폐기),샌드위치,103807,잠봉에멘탈크로와상샌드위치,2,7900,15800
2026-09-02,밀도,밀도 광장점,폐기,유통기한초과(폐기),샌드위치,103807,잠봉에멘탈크로와상샌드위치,3,7900,23700
2026-09-03,밀도,밀도 광장점,폐기,유통기한초과(폐기),샌드위치,103807,잠봉에멘탈크로와상샌드위치,1,7900,7900
2026-09-03,밀도,밀도 광장점,폐기,유통기한초과(폐기),식빵,102966,달밤식빵,1,8900,8900
2026-09-01,밀도,밀도 광장점,폐기,유통기한초과(폐기),미니식빵,103663,밤완두바브카,2,7200,14400
2026-09-02,밀도,밀도 광장점,폐기,유통기한초과(폐기),미니식빵,103663,밤완두바브카,2,7200,14400
2026-09-02,밀도,밀도 광장점,폐기,유통기한초과(폐기),모닝롤,103773,모닝롤(6ea),3,5200,15600
2026-09-01,밀도,밀도 알토점,폐기,유통기한초과(폐기),간식빵,100010,큐브커스터드,1,4700,4700
2026-09-02,밀도,밀도 알토점,폐기,유통기한초과(폐기),간식빵,100010,큐브커스터드,1,4700,4700
2026-09-03,밀도,밀도 알토점,폐기,유통기한초과(폐기),간식빵,100010,큐브커스터드,2,4700,9400
2026-09-03,밀도,밀도 알토점,폐기,유통기한초과(폐기),간식빵,100625,큐브시나몬,2,3800,7600
2026-09-01,밀도,밀도 알토점,폐기,유통기한초과(폐기),간식빵,101327,큐브소보로,1,3800,3800
2026-09-01,밀도,밀도 알토점,폐기,유통기한초과(폐기),간식빵,101451,허니러스크,5,5200,26000
2026-09-03,밀도,밀도 알토점,폐기,유통기한초과(폐기),간식빵,101957,초코허니러스크,1,5800,5800
2026-09-01,밀도,밀도 알토점,폐기,유통기한초과(폐기),간식빵,103704,크림치즈포테이토,1,4200,4200
2026-09-01,밀도,밀도 알토점,폐기,유통기한초과(폐기),간식빵,103766,누텔라로쉐큐브식빵,2,5200,10400
2026-09-02,밀도,밀도 알토점,폐기,유통기한초과(폐기),간식빵,103766,누텔라로쉐큐브식빵,1,5200,5200
2026-09-03,밀도,밀도 알토점,폐기,유통기한초과(폐기),간식빵,103766,누텔라로쉐큐브식빵,1,5200,5200
2026-09-03,밀도,밀도 알토점,폐기,유통기한초과(폐기),쿠키 브라우니,103459,샤브레쿠키(2ea),1,2000,2000
2026-09-02,밀도,밀도 알토점,폐기,유통기한초과(폐기),식빵,102684,튼튼고양식빵,4,6900,27600
2026-09-03,밀도,밀도 알토점,폐기,유통기한초과(폐기),식빵,102684,튼튼고양식빵,5,6900,34500
2026-09-02,밀도,밀도 알토점,폐기,유통기한초과(폐기),식빵,103814,얼룩 고양 식빵,6,7500,45000
2026-09-03,밀도,밀도 알토점,폐기,유통기한초과(폐기),식빵,103814,얼룩 고양 식빵,1,7500,7500
2026-09-01,밀도,밀도 알토점,폐기,유통기한초과(폐기),스콘,101119,레몬스콘,2,3800,7600
2026-09-02,밀도,밀도 알토점,폐기,유통기한초과(폐기),스콘,102977,리코타사워크림스콘,2,4200,8400
2026-09-01,밀도,밀도 알토점,폐기,유통기한초과(폐기),소금빵,102778,앙버터소금빵,3,4800,14400
2026-09-02,밀도,밀도 알토점,폐기,유통기한초과(폐기),소금빵,102778,앙버터소금빵,4,4800,19200
2026-09-02,밀도,밀도 알토점,폐기,유통기한초과(폐기),소금빵,102844,the부드러운소금빵,4,3600,14400
2026-09-03,밀도,밀도 알토점,폐기,유통기한초과(폐기),소금빵,102844,the부드러운소금빵,6,3600,21600
2026-09-03,밀도,밀도 광교점,폐기,유통기한초과(폐기),간식빵,101858,밀도단팥빵,4,3800,15200
2026-09-01,밀도,밀도 광교점,폐기,유통기한초과(폐기),페이스트리,103768,애플시나몬크림치즈데니쉬,2,4900,9800
2026-09-03,밀도,밀도 광교점,폐기,유통기한초과(폐기),페이스트리,103768,애플시나몬크림치즈데니쉬,1,4900,4900
2026-09-01,밀도,밀도 광교점,폐기,유통기한초과(폐기),페이스트리,103769,고창고구마데니쉬,1,4600,4600
2026-09-03,밀도,밀도 광교점,폐기,유통기한초과(폐기),페이스트리,103769,고창고구마데니쉬,1,4600,4600
2026-09-01,밀도,밀도 광교점,폐기,유통기한초과(폐기),파운드,102607,레몬파운드,4,5600,22400
2026-09-02,밀도,밀도 광교점,폐기,유통기한초과(폐기),파운드,103040,무화과휘낭시에,4,3200,12800
2026-09-02,밀도,밀도 광교점,폐기,유통기한초과(폐기),파운드,103833,아몬드초코휘낭시에리뉴얼,2,3200,6400
2026-09-01,밀도,밀도 광교점,폐기,유통기한초과(폐기),파운드,103834,피스타치오휘낭시에리뉴얼,2,3200,6400
2026-09-02,밀도,밀도 광교점,폐기,유통기한초과(폐기),파운드,103834,피스타치오휘낭시에리뉴얼,1,3200,3200
2026-09-01,밀도,밀도 광교점,폐기,유통기한초과(폐기),디저트,103616,수제국산생크림롤케이크,1,6200,6200
2026-09-03,밀도,밀도 광교점,폐기,유통기한초과(폐기),디저트,103616,수제국산생크림롤케이크,1,6200,6200
2026-09-01,밀도,밀도 광교점,폐기,유통기한초과(폐기),샌드위치,103807,잠봉에멘탈크로와상샌드위치,1,7900,7900
2026-09-01,밀도,밀도 광교점,폐기,유통기한초과(폐기),샌드위치,103881,상큼 유자새우 샌드위치,3,5500,16500
2026-09-02,밀도,밀도 광교점,폐기,유통기한초과(폐기),샌드위치,103881,상큼 유자새우 샌드위치,1,5500,5500
2026-09-03,밀도,밀도 광교점,폐기,유통기한초과(폐기),식빵,100003,담백식빵,1,7800,7800
2026-09-02,밀도,밀도 광교점,폐기,유통기한초과(폐기),식빵,100004,리치식빵,1,8400,8400
2026-09-03,밀도,밀도 광교점,폐기,유통기한초과(폐기),식빵,100004,리치식빵,1,8400,8400
2026-09-01,밀도,밀도 광교점,폐기,유통기한초과(폐기),식빵,103814,얼룩 고양 식빵,2,7500,15000
2026-09-01,밀도,밀도 광교점,폐기,유통기한초과(폐기),미니식빵,103827,촉촉연유브래드,1,6900,6900
2026-09-03,밀도,밀도 광교점,폐기,유통기한초과(폐기),스콘,101119,레몬스콘,2,3800,7600
2026-09-01,밀도,밀도 광교점,폐기,유통기한초과(폐기),소금빵,102778,앙버터소금빵,1,4800,4800
2026-09-03,밀도,밀도 광교점,폐기,유통기한초과(폐기),소금빵,102844,the부드러운소금빵,1,3600,3600
2026-09-02,밀도,밀도 강남점,폐기,유통기한초과(폐기),간식빵,100010,큐브커스터드,1,4700,4700
2026-09-01,밀도,밀도 강남점,폐기,유통기한초과(폐기),간식빵,101451,허니러스크,4,5200,20800
2026-09-02,밀도,밀도 강남점,폐기,유통기한초과(폐기),간식빵,101451,허니러스크,4,5200,20800
2026-09-01,밀도,밀도 강남점,폐기,유통기한초과(폐기),간식빵,101957,초코허니러스크,2,5800,11600
2026-09-03,밀도,밀도 강남점,폐기,유통기한초과(폐기),간식빵,103704,크림치즈포테이토,4,4200,16800
2026-09-02,밀도,밀도 강남점,폐기,유통기한초과(폐기),샌드위치,103807,잠봉에멘탈크로와상샌드위치,2,7900,15800
2026-09-01,밀도,밀도 강남점,폐기,유통기한초과(폐기),스콘,101119,레몬스콘,2,3800,7600
2026-09-03,밀도,밀도 강남점,폐기,유통기한초과(폐기),스콘,101119,레몬스콘,1,3800,3800
2026-09-03,밀도,밀도 고양점,폐기,유통기한초과(폐기),간식빵,100625,큐브시나몬,5,3800,19000
2026-09-02,밀도,밀도 고양점,폐기,유통기한초과(폐기),간식빵,103704,크림치즈포테이토,1,4200,4200
2026-09-01,밀도,밀도 고양점,폐기,유통기한초과(폐기),간식빵,103766,누텔라로쉐큐브식빵,4,5200,20800
2026-09-02,밀도,밀도 고양점,폐기,유통기한초과(폐기),간식빵,103766,누텔라로쉐큐브식빵,1,5200,5200
2026-09-03,밀도,밀도 고양점,폐기,유통기한초과(폐기),간식빵,103766,누텔라로쉐큐브식빵,2,5200,10400
2026-09-03,밀도,밀도 고양점,폐기,유통기한초과(폐기),간식빵,103882,저당 쫀득 단팥빵,3,4200,12600
2026-09-02,밀도,밀도 고양점,폐기,유통기한초과(폐기),페이스트리,103768,애플시나몬크림치즈데니쉬,3,4900,14700
2026-09-03,밀도,밀도 고양점,폐기,유통기한초과(폐기),페이스트리,103768,애플시나몬크림치즈데니쉬,1,4900,4900
2026-09-02,밀도,밀도 고양점,폐기,유통기한초과(폐기),페이스트리,103769,고창고구마데니쉬,2,4600,9200
2026-09-01,밀도,밀도 고양점,폐기,유통기한초과(폐기),샌드위치,103027,블루베리잼 잠봉뵈르,5,8900,44500
2026-09-02,밀도,밀도 고양점,폐기,유통기한초과(폐기),샌드위치,103027,블루베리잼 잠봉뵈르,3,8900,26700
2026-09-03,밀도,밀도 고양점,폐기,유통기한초과(폐기),샌드위치,103027,블루베리잼 잠봉뵈르,2,8900,17800
2026-09-02,밀도,밀도 고양점,폐기,유통기한초과(폐기),샌드위치,103286,에그마요 소금빵,4,5200,20800
2026-09-02,밀도,밀도 고양점,폐기,유통기한초과(폐기),샌드위치,103807,잠봉에멘탈크로와상샌드위치,3,7900,23700
2026-09-01,밀도,밀도 고양점,폐기,유통기한초과(폐기),미니식빵,103764,누텔라바브카,1,7800,7800
2026-09-03,밀도,밀도 고양점,폐기,유통기한초과(폐기),미니식빵,103824,리치 모카빵,5,6900,34500
2026-09-03,밀도,밀도 고양점,폐기,유통기한초과(폐기),건강빵,102983,촉촉감자치아바타,4,4800,19200
2026-09-02,밀도,밀도 고양점,폐기,유통기한초과(폐기),건강빵,103575,단호박고구마통밀(whole),2,5500,11000
2026-09-01,밀도,밀도 고양점,폐기,유통기한초과(폐기),스콘,102977,리코타사워크림스콘,2,4200,8400
2026-09-02,밀도,밀도 고양점,폐기,유통기한초과(폐기),스콘,102977,리코타사워크림스콘,1,4200,4200
2026-09-01,밀도,밀도 경기점,폐기,유통기한초과(폐기),간식빵,101451,허니러스크,2,5200,10400
2026-09-02,밀도,밀도 경기점,폐기,유통기한초과(폐기),간식빵,101451,허니러스크,5,5200,26000
2026-09-02,밀도,밀도 경기점,폐기,유통기한초과(폐기),간식빵,101858,밀도단팥빵,2,3800,7600
2026-09-01,밀도,밀도 경기점,폐기,유통기한초과(폐기),간식빵,102587,밀도맘모스,1,6200,6200
2026-09-02,밀도,밀도 경기점,폐기,유통기한초과(폐기),간식빵,103882,저당 쫀득 단팥빵,2,4200,8400
2026-09-02,밀도,밀도 경기점,폐기,유통기한초과(폐기),시그니처샌드,102272,땅콩크림샌드,1,5800,5800
2026-09-02,밀도,밀도 경기점,폐기,유통기한초과(폐기),식빵,103814,얼룩 고양 식빵,4,7500,30000
2026-09-01,밀도,밀도 경기점,폐기,유통기한초과(폐기),미니식빵,103824,리치 모카빵,1,6900,6900
2026-09-02,밀도,밀도 경기점,폐기,유통기한초과(폐기),미니식빵,103827,촉촉연유브래드,2,6900,13800
2026-09-01,밀도,밀도 경기점,폐기,유통기한초과(폐기),소금빵,102778,앙버터소금빵,2,4800,9600
2026-09-02,밀도,밀도 경기점,폐기,유통기한초과(폐기),소금빵,102778,앙버터소금빵,1,4800,4800
2026-09-01,밀도,밀도 경기점,폐기,유통기한초과(폐기),소금빵,102844,the부드러운소금빵,4,3600,14400
2026-09-02,밀도,밀도 잠실점,폐기,불량(폐기),간식빵,101858,밀도단팥빵,4,3800,15200
2026-09-02,밀도,밀도 잠실점,폐기,불량(폐기),소금빵,102844,the부드러운소금빵,6,3600,21600
2026-09-02,밀도,밀도 잠실점,폐기,유통기한초과(폐기),건강빵,103574,무화과오트통밀100,4,5500,22000
2026-09-02,밀도,밀도 잠실점,폐기,유통기한초과(폐기),건강빵,103575,단호박고구마통밀(whole),3,5500,16500
2026-09-02,밀도,밀도 압구정현대점,폐기,유통기한초과(폐기),간식빵,100625,큐브시나몬,2,3800,7600
2026-09-02,밀도,밀도 압구정현대점,폐기,유통기한초과(폐기),간식빵,101327,큐브소보로,3,3800,11400
2026-09-01,밀도,밀도 압구정현대점,폐기,유통기한초과(폐기),식빵,100004,리치식빵,1,8400,8400
2026-09-02,밀도,밀도 압구정현대점,폐기,유통기한초과(폐기),식빵,102321,담백식빵Half,2,4500,9000
2026-09-01,밀도,밀도 압구정현대점,폐기,유통기한초과(폐기),식빵,102322,리치식빵Half,2,4800,9600
2026-09-02,밀도,밀도 압구정현대점,폐기,유통기한초과(폐기),식빵,102322,리치식빵Half,1,4800,4800
2026-09-02,밀도,밀도 압구정현대점,폐기,유통기한초과(폐기),스콘,101119,레몬스콘,1,3800,3800
2026-09-01,밀도,밀도 뉴코아강남점,폐기,유통기한초과(폐기),간식빵,100010,큐브커스터드,1,4700,4700
2026-09-02,밀도,밀도 뉴코아강남점,폐기,유통기한초과(폐기),간식빵,100010,큐브커스터드,2,4700,9400
2026-09-03,밀도,밀도 뉴코아강남점,폐기,유통기한초과(폐기),간식빵,100010,큐브커스터드,5,4700,23500
2026-09-02,밀도,밀도 뉴코아강남점,폐기,유통기한초과(폐기),간식빵,100625,큐브시나몬,4,3800,15200
2026-09-01,밀도,밀도 뉴코아강남점,폐기,유통기한초과(폐기),간식빵,101327,큐브소보로,2,3800,7600
2026-09-02,밀도,밀도 뉴코아강남점,폐기,유통기한초과(폐기),간식빵,101327,큐브소보로,3,3800,11400
2026-09-01,밀도,밀도 뉴코아강남점,폐기,유통기한초과(폐기),간식빵,101451,허니러스크,2,5200,10400
2026-09-03,밀도,밀도 뉴코아강남점,폐기,유통기한초과(폐기),간식빵,101451,허니러스크,4,5200,20800
2026-09-01,밀도,밀도 뉴코아강남점,폐기,유통기한초과(폐기),간식빵,101957,초코허니러스크,1,5800,5800
2026-09-02,밀도,밀도 뉴코아강남점,폐기,유통기한초과(폐기),간식빵,101957,초코허니러스크,2,5800,11600
2026-09-03,밀도,밀도 뉴코아강남점,폐기,유통기한초과(폐기),간식빵,102976,앙버터허니러스크,1,6200,6200
2026-09-01,밀도,밀도 뉴코아강남점,폐기,유통기한초과(폐기),간식빵,103704,크림치즈포테이토,1,4200,4200
2026-09-02,밀도,밀도 뉴코아강남점,폐기,유통기한초과(폐기),간식빵,103882,저당 쫀득 단팥빵,1,4200,4200
2026-09-01,밀도,밀도 뉴코아강남점,폐기,유통기한초과(폐기),시그니처샌드,102272,땅콩크림샌드,7,5800,40600
2026-09-03,밀도,밀도 뉴코아강남점,폐기,유통기한초과(폐기),샌드위치,103028,그릴드닭가슴살 당근라페 샌드위치,6,8900,53400
2026-09-01,밀도,밀도 뉴코아강남점,폐기,유통기한초과(폐기),샌드위치,103286,에그마요 소금빵,2,5200,10400
2026-09-03,밀도,밀도 뉴코아강남점,폐기,유통기한초과(폐기),샌드위치,103805,아이올리베이컨토마토샌드위치,1,8900,8900
2026-09-03,밀도,밀도 뉴코아강남점,폐기,유통기한초과(폐기),샌드위치,103807,잠봉에멘탈크로와상샌드위치,1,7900,7900
2026-09-01,밀도,밀도 뉴코아강남점,폐기,유통기한초과(폐기),샌드위치,103881,상큼 유자새우 샌드위치,1,5500,5500
2026-09-02,밀도,밀도 뉴코아강남점,폐기,유통기한초과(폐기),샌드위치,103881,상큼 유자새우 샌드위치,1,5500,5500
2026-09-02,밀도,밀도 뉴코아강남점,폐기,유통기한초과(폐기),식빵,102966,달밤식빵,2,8900,17800
2026-09-03,밀도,밀도 뉴코아강남점,폐기,유통기한초과(폐기),식빵,102966,달밤식빵,2,8900,17800
2026-09-03,밀도,밀도 뉴코아강남점,폐기,유통기한초과(폐기),미니식빵,103824,리치 모카빵,1,6900,6900
2026-09-01,밀도,밀도 뉴코아강남점,폐기,유통기한초과(폐기),건강빵,102983,촉촉감자치아바타,6,4800,28800
2026-09-02,밀도,밀도 뉴코아강남점,폐기,유통기한초과(폐기),건강빵,102991,곡물가득로데브,2,8000,16000
2026-09-01,밀도,밀도 뉴코아강남점,폐기,유통기한초과(폐기),건강빵,102993,프룻로데브,3,7800,23400
2026-09-02,밀도,밀도 뉴코아강남점,폐기,유통기한초과(폐기),건강빵,102993,프룻로데브,1,7800,7800
2026-09-03,밀도,밀도 뉴코아강남점,폐기,유통기한초과(폐기),건강빵,102993,프룻로데브,1,7800,7800
2026-09-01,밀도,밀도 뉴코아강남점,폐기,유통기한초과(폐기),건강빵,103574,무화과오트통밀100,4,5500,22000
2026-09-03,밀도,밀도 뉴코아강남점,폐기,유통기한초과(폐기),스콘,101119,레몬스콘,1,3800,3800
2026-09-02,밀도,밀도 뉴코아강남점,폐기,유통기한초과(폐기),소금빵,102778,앙버터소금빵,1,4800,4800
2026-09-02,밀도,밀도 뉴코아강남점,폐기,유통기한초과(폐기),소금빵,102844,the부드러운소금빵,8,3600,28800
2026-09-03,밀도,밀도 롯데노원점,폐기,유통기한초과(폐기),간식빵,100010,큐브커스터드,3,4700,14100
2026-09-01,밀도,밀도 롯데노원점,폐기,유통기한초과(폐기),간식빵,101327,큐브소보로,1,3800,3800
2026-09-02,밀도,밀도 롯데노원점,폐기,유통기한초과(폐기),간식빵,101327,큐브소보로,7,3800,26600
2026-09-03,밀도,밀도 롯데노원점,폐기,유통기한초과(폐기),간식빵,101327,큐브소보로,2,3800,7600
2026-09-01,밀도,밀도 롯데노원점,폐기,유통기한초과(폐기),간식빵,101451,허니러스크,4,5200,20800
2026-09-02,밀도,밀도 롯데노원점,폐기,유통기한초과(폐기),간식빵,101451,허니러스크,3,5200,15600
2026-09-03,밀도,밀도 롯데노원점,폐기,유통기한초과(폐기),간식빵,101451,허니러스크,5,5200,26000
2026-09-01,밀도,밀도 롯데노원점,폐기,유통기한초과(폐기),간식빵,101858,밀도단팥빵,10,3800,38000
2026-09-02,밀도,밀도 롯데노원점,폐기,유통기한초과(폐기),간식빵,101858,밀도단팥빵,4,3800,15200
2026-09-03,밀도,밀도 롯데노원점,폐기,유통기한초과(폐기),간식빵,101858,밀도단팥빵,8,3800,30400
2026-09-01,밀도,밀도 롯데노원점,폐기,유통기한초과(폐기),간식빵,101957,초코허니러스크,1,5800,5800
2026-09-02,밀도,밀도 롯데노원점,폐기,유통기한초과(폐기),간식빵,101957,초코허니러스크,3,5800,17400
2026-09-03,밀도,밀도 롯데노원점,폐기,유통기한초과(폐기),간식빵,101957,초코허니러스크,3,5800,17400
2026-09-01,밀도,밀도 롯데노원점,폐기,유통기한초과(폐기),간식빵,102587,밀도맘모스,5,6200,31000
2026-09-01,밀도,밀도 롯데노원점,폐기,유통기한초과(폐기),간식빵,102976,앙버터허니러스크,5,6200,31000
2026-09-02,밀도,밀도 롯데노원점,폐기,유통기한초과(폐기),간식빵,102976,앙버터허니러스크,1,6200,6200
2026-09-03,밀도,밀도 롯데노원점,폐기,유통기한초과(폐기),간식빵,102976,앙버터허니러스크,3,6200,18600
2026-09-01,밀도,밀도 롯데노원점,폐기,유통기한초과(폐기),간식빵,103704,크림치즈포테이토,3,4200,12600
2026-09-02,밀도,밀도 롯데노원점,폐기,유통기한초과(폐기),간식빵,103704,크림치즈포테이토,4,4200,16800
2026-09-03,밀도,밀도 롯데노원점,폐기,유통기한초과(폐기),간식빵,103704,크림치즈포테이토,1,4200,4200
2026-09-01,밀도,밀도 롯데노원점,폐기,유통기한초과(폐기),간식빵,103838,초코말차러스크,5,6500,32500
2026-09-02,밀도,밀도 롯데노원점,폐기,유통기한초과(폐기),간식빵,103838,초코말차러스크,2,6500,13000
2026-09-03,밀도,밀도 롯데노원점,폐기,유통기한초과(폐기),간식빵,103838,초코말차러스크,3,6500,19500
2026-09-03,밀도,밀도 롯데노원점,폐기,유통기한초과(폐기),간식빵,103882,저당 쫀득 단팥빵,2,4200,8400
2026-09-02,밀도,밀도 롯데노원점,폐기,유통기한초과(폐기),페이스트리,103768,애플시나몬크림치즈데니쉬,2,4900,9800
2026-09-02,밀도,밀도 롯데노원점,폐기,유통기한초과(폐기),디저트,102978,상하카라멜푸딩,1,5200,5200
2026-09-03,밀도,밀도 롯데노원점,폐기,유통기한초과(폐기),디저트,102978,상하카라멜푸딩,1,5200,5200
2026-09-02,밀도,밀도 롯데노원점,폐기,유통기한초과(폐기),디저트,103569,상하초콜릿푸딩,1,5500,5500
2026-09-03,밀도,밀도 롯데노원점,폐기,유통기한초과(폐기),디저트,103569,상하초콜릿푸딩,3,5500,16500
2026-09-01,밀도,밀도 롯데노원점,폐기,유통기한초과(폐기),시그니처샌드,102272,땅콩크림샌드,1,5800,5800
2026-09-03,밀도,밀도 롯데노원점,폐기,유통기한초과(폐기),시그니처샌드,102272,땅콩크림샌드,17,5800,98600
2026-09-01,밀도,밀도 롯데노원점,폐기,유통기한초과(폐기),샌드위치,103027,블루베리잼 잠봉뵈르,3,8900,26700
2026-09-02,밀도,밀도 롯데노원점,폐기,유통기한초과(폐기),샌드위치,103027,블루베리잼 잠봉뵈르,2,8900,17800
2026-09-01,밀도,밀도 롯데노원점,폐기,유통기한초과(폐기),샌드위치,103286,에그마요 소금빵,7,5200,36400
2026-09-02,밀도,밀도 롯데노원점,폐기,유통기한초과(폐기),샌드위치,103286,에그마요 소금빵,1,5200,5200
2026-09-01,밀도,밀도 롯데노원점,폐기,유통기한초과(폐기),샌드위치,103807,잠봉에멘탈크로와상샌드위치,5,7900,39500
2026-09-02,밀도,밀도 롯데노원점,폐기,유통기한초과(폐기),샌드위치,103807,잠봉에멘탈크로와상샌드위치,6,7900,47400
2026-09-03,밀도,밀도 롯데노원점,폐기,유통기한초과(폐기),샌드위치,103807,잠봉에멘탈크로와상샌드위치,2,7900,15800
2026-09-02,밀도,밀도 롯데노원점,폐기,유통기한초과(폐기),샌드위치,103881,상큼 유자새우 샌드위치,2,5500,11000
2026-09-03,밀도,밀도 롯데노원점,폐기,유통기한초과(폐기),샌드위치,103881,상큼 유자새우 샌드위치,1,5500,5500
2026-09-01,밀도,밀도 롯데노원점,폐기,유통기한초과(폐기),식빵,102966,달밤식빵,3,8900,26700
2026-09-02,밀도,밀도 롯데노원점,폐기,유통기한초과(폐기),식빵,102966,달밤식빵,1,8900,8900
2026-09-03,밀도,밀도 롯데노원점,폐기,유통기한초과(폐기),식빵,102966,달밤식빵,12,8900,106800
2026-09-01,밀도,밀도 롯데노원점,폐기,유통기한초과(폐기),식빵,103644,더잡곡식빵리뉴얼,4,12800,51200
2026-09-01,밀도,밀도 롯데노원점,폐기,유통기한초과(폐기),미니식빵,103764,누텔라바브카,7,7800,54600
2026-09-02,밀도,밀도 롯데노원점,폐기,유통기한초과(폐기),미니식빵,103764,누텔라바브카,3,7800,23400
2026-09-01,밀도,밀도 롯데노원점,폐기,유통기한초과(폐기),미니식빵,103824,리치 모카빵,2,6900,13800
2026-09-03,밀도,밀도 롯데노원점,폐기,유통기한초과(폐기),미니식빵,103824,리치 모카빵,1,6900,6900
2026-09-01,밀도,밀도 롯데노원점,폐기,유통기한초과(폐기),건강빵,102983,촉촉감자치아바타,7,4800,33600
2026-09-01,밀도,밀도 롯데노원점,폐기,유통기한초과(폐기),건강빵,103571,올리브치즈치아바타,2,5200,10400
2026-09-02,밀도,밀도 롯데노원점,폐기,유통기한초과(폐기),건강빵,103574,무화과오트통밀100,2,5500,11000
2026-09-01,밀도,밀도 롯데노원점,폐기,유통기한초과(폐기),건강빵,103575,단호박고구마통밀(whole),4,5500,22000
2026-09-02,밀도,밀도 롯데노원점,폐기,유통기한초과(폐기),건강빵,103575,단호박고구마통밀(whole),2,5500,11000
2026-09-03,밀도,밀도 롯데노원점,폐기,유통기한초과(폐기),건강빵,103575,단호박고구마통밀(whole),2,5500,11000
2026-09-02,밀도,밀도 롯데노원점,폐기,유통기한초과(폐기),건강빵,103622,마르게리따포카치아,1,5500,5500
2026-09-02,밀도,밀도 롯데노원점,폐기,유통기한초과(폐기),소금빵,102778,앙버터소금빵,5,4800,24000
2026-09-03,밀도,밀도 롯데노원점,폐기,유통기한초과(폐기),소금빵,102778,앙버터소금빵,6,4800,28800
2026-09-01,밀도,밀도 롯데노원점,폐기,유통기한초과(폐기),소금빵,102844,the부드러운소금빵,3,3600,10800
2026-09-02,밀도,밀도 롯데노원점,폐기,유통기한초과(폐기),소금빵,102844,the부드러운소금빵,5,3600,18000
2026-09-03,밀도,밀도 롯데노원점,폐기,유통기한초과(폐기),소금빵,102844,the부드러운소금빵,7,3600,25200
2026-09-01,밀도,밀도 롯데평촌점,폐기,유통기한초과(폐기),간식빵,100010,큐브커스터드,7,4700,32900
2026-09-03,밀도,밀도 롯데평촌점,폐기,유통기한초과(폐기),간식빵,100010,큐브커스터드,14,4700,65800
2026-09-01,밀도,밀도 롯데평촌점,폐기,유통기한초과(폐기),간식빵,101957,초코허니러스크,2,5800,11600
2026-09-02,밀도,밀도 롯데평촌점,폐기,유통기한초과(폐기),간식빵,101957,초코허니러스크,12,5800,69600
2026-09-02,밀도,밀도 롯데평촌점,폐기,유통기한초과(폐기),간식빵,103704,크림치즈포테이토,1,4200,4200
2026-09-01,밀도,밀도 롯데평촌점,폐기,유통기한초과(폐기),간식빵,103882,저당 쫀득 단팥빵,3,4200,12600
2026-09-02,밀도,밀도 롯데평촌점,폐기,유통기한초과(폐기),파운드,102607,레몬파운드,8,5600,44800
2026-09-02,밀도,밀도 롯데평촌점,폐기,유통기한초과(폐기),디저트,103737,허쉬딥초코롤케이크(조각),8,6500,52000
2026-09-01,밀도,밀도 롯데평촌점,폐기,유통기한초과(폐기),시그니처샌드,102272,땅콩크림샌드,1,5800,5800
2026-09-01,밀도,밀도 롯데평촌점,폐기,유통기한초과(폐기),샌드위치,103805,아이올리베이컨토마토샌드위치,1,8900,8900
2026-09-03,밀도,밀도 롯데평촌점,폐기,유통기한초과(폐기),샌드위치,103805,아이올리베이컨토마토샌드위치,1,8900,8900
2026-09-02,밀도,밀도 롯데평촌점,폐기,유통기한초과(폐기),샌드위치,103807,잠봉에멘탈크로와상샌드위치,3,7900,23700
2026-09-01,밀도,밀도 롯데평촌점,폐기,유통기한초과(폐기),식빵,102966,달밤식빵,4,8900,35600
2026-09-03,밀도,밀도 롯데평촌점,폐기,유통기한초과(폐기),식빵,102966,달밤식빵,1,8900,8900
2026-09-01,밀도,밀도 롯데평촌점,폐기,유통기한초과(폐기),미니식빵,103824,리치 모카빵,3,6900,20700
2026-09-03,밀도,밀도 롯데평촌점,폐기,유통기한초과(폐기),미니식빵,103824,리치 모카빵,13,6900,89700
2026-09-03,밀도,밀도 롯데평촌점,폐기,유통기한초과(폐기),미니식빵,103827,촉촉연유브래드,1,6900,6900
2026-09-01,밀도,밀도 롯데평촌점,폐기,유통기한초과(폐기),건강빵,103575,단호박고구마통밀(whole),4,5500,22000
2026-09-03,밀도,밀도 롯데평촌점,폐기,유통기한초과(폐기),건강빵,103575,단호박고구마통밀(whole),12,5500,66000
2026-09-01,밀도,밀도 롯데평촌점,폐기,유통기한초과(폐기),스콘,101119,레몬스콘,2,3800,7600
2026-09-01,밀도,밀도 롯데김포점,폐기,유통기한초과(폐기),간식빵,103882,저당 쫀득 단팥빵,2,4200,8400
2026-09-01,밀도,밀도 롯데김포점,폐기,유통기한초과(폐기),샌드위치,103807,잠봉에멘탈크로와상샌드위치,2,7900,15800
2026-09-02,밀도,밀도 롯데김포점,폐기,유통기한초과(폐기),샌드위치,103807,잠봉에멘탈크로와상샌드위치,1,7900,7900
2026-09-03,밀도,밀도 롯데김포점,폐기,유통기한초과(폐기),식빵,100004,리치식빵,2,8400,16800
2026-09-01,밀도,밀도 롯데김포점,폐기,유통기한초과(폐기),식빵,102684,튼튼고양식빵,4,6900,27600
2026-09-01,밀도,밀도 롯데김포점,폐기,유통기한초과(폐기),스콘,101119,레몬스콘,1,3800,3800
2026-09-01,밀도,밀도 롯데김포점,폐기,유통기한초과(폐기),스콘,102977,리코타사워크림스콘,11,4200,46200
2026-09-01,밀도,밀도 롯데소공점,폐기,유통기한초과(폐기),간식빵,101451,허니러스크,4,5200,20800
2026-09-01,밀도,밀도 롯데소공점,폐기,유통기한초과(폐기),세이보리,103885,전주비빔밥샌드,4,8200,32800
2026-09-02,밀도,밀도 롯데소공점,폐기,유통기한초과(폐기),세이보리,103885,전주비빔밥샌드,3,8200,24600
2026-09-03,밀도,밀도 롯데소공점,폐기,유통기한초과(폐기),식빵,100003,담백식빵,1,7800,7800
2026-09-02,밀도,밀도 롯데소공점,폐기,유통기한초과(폐기),식빵,100004,리치식빵,8,8400,67200
